nombre,rubro,canal,destino,asunto,mensaje,link
Tres56 Resto-Bar,bar,whatsapp,+54 3492 50 6356,,"¡Hola Tres56 Resto-Bar! 👋 Te escribo de Kovex. Vi que todavía no tienen página web y se me ocurrió una idea: podríamos armarles una para mostrar tu menú y recibir pedidos online.

Hacemos webs a medida, rápidas y sin vueltas. ¿Te gustaría que te pase algunos ejemplos y precios? Sin compromiso 🙂

Kovex · kovex.dev
(Si no querés que te escriba, avisame y listo 🙌)",https://wa.me/5493492506356?text=%C2%A1Hola%20Tres56%20Resto-Bar!%20%F0%9F%91%8B%20Te%20escribo%20de%20Kovex.%20Vi%20que%20todav%C3%ADa%20no%20tienen%20p%C3%A1gina%20web%20y%20se%20me%20ocurri%C3%B3%20una%20idea%3A%20podr%C3%ADamos%20armarles%20una%20para%20mostrar%20tu%20men%C3%BA%20y%20recibir%20pedidos%20online.%0A%0AHacemos%20webs%20a%20medida%2C%20r%C3%A1pidas%20y%20sin%20vueltas.%20%C2%BFTe%20gustar%C3%ADa%20que%20te%20pase%20algunos%20ejemplos%20y%20precios%3F%20Sin%20compromiso%20%F0%9F%99%82%0A%0AKovex%20%C2%B7%20kovex.dev%0A(Si%20no%20quer%C3%A9s%20que%20te%20escriba%2C%20avisame%20y%20listo%20%F0%9F%99%8C)
Nugui Automotores,car,whatsapp,+54 3492 563335,,"¡Hola Nugui Automotores! 👋 Te escribo de Kovex. Vi que todavía no tienen página web y se me ocurrió una idea: podríamos armarles una para mostrar tus vehículos y servicios, y que te contacten fácil.

Hacemos webs a medida, rápidas y sin vueltas. ¿Te gustaría que te pase algunos ejemplos y precios? Sin compromiso 🙂

Kovex · kovex.dev
(Si no querés que te escriba, avisame y listo 🙌)",https://wa.me/5493492563335?text=%C2%A1Hola%20Nugui%20Automotores!%20%F0%9F%91%8B%20Te%20escribo%20de%20Kovex.%20Vi%20que%20todav%C3%ADa%20no%20tienen%20p%C3%A1gina%20web%20y%20se%20me%20ocurri%C3%B3%20una%20idea%3A%20podr%C3%ADamos%20armarles%20una%20para%20mostrar%20tus%20veh%C3%ADculos%20y%20servicios%2C%20y%20que%20te%20contacten%20f%C3%A1cil.%0A%0AHacemos%20webs%20a%20medida%2C%20r%C3%A1pidas%20y%20sin%20vueltas.%20%C2%BFTe%20gustar%C3%ADa%20que%20te%20pase%20algunos%20ejemplos%20y%20precios%3F%20Sin%20compromiso%20%F0%9F%99%82%0A%0AKovex%20%C2%B7%20kovex.dev%0A(Si%20no%20quer%C3%A9s%20que%20te%20escriba%2C%20avisame%20y%20listo%20%F0%9F%99%8C)
PomarSoft,oficina: web design,whatsapp,+54 9 3492 52 4268,,"¡Hola PomarSoft! 👋 Te escribo de Kovex. Vi que todavía no tienen página web y se me ocurrió una idea: podríamos armarles una para tener una presencia profesional en internet.

Hacemos webs a medida, rápidas y sin vueltas. ¿Te gustaría que te pase algunos ejemplos y precios? Sin compromiso 🙂

Kovex · kovex.dev
(Si no querés que te escriba, avisame y listo 🙌)",https://wa.me/5493492524268?text=%C2%A1Hola%20PomarSoft!%20%F0%9F%91%8B%20Te%20escribo%20de%20Kovex.%20Vi%20que%20todav%C3%ADa%20no%20tienen%20p%C3%A1gina%20web%20y%20se%20me%20ocurri%C3%B3%20una%20idea%3A%20podr%C3%ADamos%20armarles%20una%20para%20tener%20una%20presencia%20profesional%20en%20internet.%0A%0AHacemos%20webs%20a%20medida%2C%20r%C3%A1pidas%20y%20sin%20vueltas.%20%C2%BFTe%20gustar%C3%ADa%20que%20te%20pase%20algunos%20ejemplos%20y%20precios%3F%20Sin%20compromiso%20%F0%9F%99%82%0A%0AKovex%20%C2%B7%20kovex.dev%0A(Si%20no%20quer%C3%A9s%20que%20te%20escriba%2C%20avisame%20y%20listo%20%F0%9F%99%8C)
ACA,fuel,whatsapp,+54 3492 42 3714,,"¡Hola ACA! 👋 Te escribo de Kovex. Vi que todavía no tienen página web y se me ocurrió una idea: podríamos armarles una para tener una presencia profesional en internet.

Hacemos webs a medida, rápidas y sin vueltas. ¿Te gustaría que te pase algunos ejemplos y precios? Sin compromiso 🙂

Kovex · kovex.dev
(Si no querés que te escriba, avisame y listo 🙌)",https://wa.me/5493492423714?text=%C2%A1Hola%20ACA!%20%F0%9F%91%8B%20Te%20escribo%20de%20Kovex.%20Vi%20que%20todav%C3%ADa%20no%20tienen%20p%C3%A1gina%20web%20y%20se%20me%20ocurri%C3%B3%20una%20idea%3A%20podr%C3%ADamos%20armarles%20una%20para%20tener%20una%20presencia%20profesional%20en%20internet.%0A%0AHacemos%20webs%20a%20medida%2C%20r%C3%A1pidas%20y%20sin%20vueltas.%20%C2%BFTe%20gustar%C3%ADa%20que%20te%20pase%20algunos%20ejemplos%20y%20precios%3F%20Sin%20compromiso%20%F0%9F%99%82%0A%0AKovex%20%C2%B7%20kovex.dev%0A(Si%20no%20quer%C3%A9s%20que%20te%20escriba%2C%20avisame%20y%20listo%20%F0%9F%99%8C)
Corralon El Cedro,furniture,whatsapp,+54 3492 44 0092,,"¡Hola Corralon El Cedro! 👋 Te escribo de Kovex. Vi que todavía no tienen página web y se me ocurrió una idea: podríamos armarles una para mostrar tus productos y llegar a más clientes de la zona.

Hacemos webs a medida, rápidas y sin vueltas. ¿Te gustaría que te pase algunos ejemplos y precios? Sin compromiso 🙂

Kovex · kovex.dev
(Si no querés que te escriba, avisame y listo 🙌)",https://wa.me/5493492440092?text=%C2%A1Hola%20Corralon%20El%20Cedro!%20%F0%9F%91%8B%20Te%20escribo%20de%20Kovex.%20Vi%20que%20todav%C3%ADa%20no%20tienen%20p%C3%A1gina%20web%20y%20se%20me%20ocurri%C3%B3%20una%20idea%3A%20podr%C3%ADamos%20armarles%20una%20para%20mostrar%20tus%20productos%20y%20llegar%20a%20m%C3%A1s%20clientes%20de%20la%20zona.%0A%0AHacemos%20webs%20a%20medida%2C%20r%C3%A1pidas%20y%20sin%20vueltas.%20%C2%BFTe%20gustar%C3%ADa%20que%20te%20pase%20algunos%20ejemplos%20y%20precios%3F%20Sin%20compromiso%20%F0%9F%99%82%0A%0AKovex%20%C2%B7%20kovex.dev%0A(Si%20no%20quer%C3%A9s%20que%20te%20escriba%2C%20avisame%20y%20listo%20%F0%9F%99%8C)
Servicio Emergencias Rafaela,doctors,whatsapp,+54 3492 50 5005,,"¡Hola Servicio Emergencias Rafaela! 👋 Te escribo de Kovex. Vi que todavía no tienen página web y se me ocurrió una idea: podríamos armarles una para que tus pacientes pidan turnos y te encuentren en Google.

Hacemos webs a medida, rápidas y sin vueltas. ¿Te gustaría que te pase algunos ejemplos y precios? Sin compromiso 🙂

Kovex · kovex.dev
(Si no querés que te escriba, avisame y listo 🙌)",https://wa.me/5493492505005?text=%C2%A1Hola%20Servicio%20Emergencias%20Rafaela!%20%F0%9F%91%8B%20Te%20escribo%20de%20Kovex.%20Vi%20que%20todav%C3%ADa%20no%20tienen%20p%C3%A1gina%20web%20y%20se%20me%20ocurri%C3%B3%20una%20idea%3A%20podr%C3%ADamos%20armarles%20una%20para%20que%20tus%20pacientes%20pidan%20turnos%20y%20te%20encuentren%20en%20Google.%0A%0AHacemos%20webs%20a%20medida%2C%20r%C3%A1pidas%20y%20sin%20vueltas.%20%C2%BFTe%20gustar%C3%ADa%20que%20te%20pase%20algunos%20ejemplos%20y%20precios%3F%20Sin%20compromiso%20%F0%9F%99%82%0A%0AKovex%20%C2%B7%20kovex.dev%0A(Si%20no%20quer%C3%A9s%20que%20te%20escriba%2C%20avisame%20y%20listo%20%F0%9F%99%8C)
Lomitos 2x1,fast food,whatsapp,+54 03492 33-2662,,"¡Hola Lomitos 2x1! 👋 Te escribo de Kovex. Vi que todavía no tienen página web y se me ocurrió una idea: podríamos armarles una para mostrar tu menú y recibir pedidos online.

Hacemos webs a medida, rápidas y sin vueltas. ¿Te gustaría que te pase algunos ejemplos y precios? Sin compromiso 🙂

Kovex · kovex.dev
(Si no querés que te escriba, avisame y listo 🙌)",https://wa.me/54903492332662?text=%C2%A1Hola%20Lomitos%202x1!%20%F0%9F%91%8B%20Te%20escribo%20de%20Kovex.%20Vi%20que%20todav%C3%ADa%20no%20tienen%20p%C3%A1gina%20web%20y%20se%20me%20ocurri%C3%B3%20una%20idea%3A%20podr%C3%ADamos%20armarles%20una%20para%20mostrar%20tu%20men%C3%BA%20y%20recibir%20pedidos%20online.%0A%0AHacemos%20webs%20a%20medida%2C%20r%C3%A1pidas%20y%20sin%20vueltas.%20%C2%BFTe%20gustar%C3%ADa%20que%20te%20pase%20algunos%20ejemplos%20y%20precios%3F%20Sin%20compromiso%20%F0%9F%99%82%0A%0AKovex%20%C2%B7%20kovex.dev%0A(Si%20no%20quer%C3%A9s%20que%20te%20escriba%2C%20avisame%20y%20listo%20%F0%9F%99%8C)
Centro de Salud 5 Martín Miguel de Güemes,clinic,whatsapp,+54 3492 44-0199,,"¡Hola Centro de Salud 5 Martín Miguel de Güemes! 👋 Te escribo de Kovex. Vi que todavía no tienen página web y se me ocurrió una idea: podríamos armarles una para que tus pacientes pidan turnos y te encuentren en Google.

Hacemos webs a medida, rápidas y sin vueltas. ¿Te gustaría que te pase algunos ejemplos y precios? Sin compromiso 🙂

Kovex · kovex.dev
(Si no querés que te escriba, avisame y listo 🙌)",https://wa.me/5493492440199?text=%C2%A1Hola%20Centro%20de%20Salud%205%20Mart%C3%ADn%20Miguel%20de%20G%C3%BCemes!%20%F0%9F%91%8B%20Te%20escribo%20de%20Kovex.%20Vi%20que%20todav%C3%ADa%20no%20tienen%20p%C3%A1gina%20web%20y%20se%20me%20ocurri%C3%B3%20una%20idea%3A%20podr%C3%ADamos%20armarles%20una%20para%20que%20tus%20pacientes%20pidan%20turnos%20y%20te%20encuentren%20en%20Google.%0A%0AHacemos%20webs%20a%20medida%2C%20r%C3%A1pidas%20y%20sin%20vueltas.%20%C2%BFTe%20gustar%C3%ADa%20que%20te%20pase%20algunos%20ejemplos%20y%20precios%3F%20Sin%20compromiso%20%F0%9F%99%82%0A%0AKovex%20%C2%B7%20kovex.dev%0A(Si%20no%20quer%C3%A9s%20que%20te%20escriba%2C%20avisame%20y%20listo%20%F0%9F%99%8C)
Centro de Salud 11 Maria Ines Tarchini de Dellasanta,clinic,whatsapp,+54 3492 57-7005,,"¡Hola Centro de Salud 11 Maria Ines Tarchini de Dellasanta! 👋 Te escribo de Kovex. Vi que todavía no tienen página web y se me ocurrió una idea: podríamos armarles una para que tus pacientes pidan turnos y te encuentren en Google.

Hacemos webs a medida, rápidas y sin vueltas. ¿Te gustaría que te pase algunos ejemplos y precios? Sin compromiso 🙂

Kovex · kovex.dev
(Si no querés que te escriba, avisame y listo 🙌)",https://wa.me/5493492577005?text=%C2%A1Hola%20Centro%20de%20Salud%2011%20Maria%20Ines%20Tarchini%20de%20Dellasanta!%20%F0%9F%91%8B%20Te%20escribo%20de%20Kovex.%20Vi%20que%20todav%C3%ADa%20no%20tienen%20p%C3%A1gina%20web%20y%20se%20me%20ocurri%C3%B3%20una%20idea%3A%20podr%C3%ADamos%20armarles%20una%20para%20que%20tus%20pacientes%20pidan%20turnos%20y%20te%20encuentren%20en%20Google.%0A%0AHacemos%20webs%20a%20medida%2C%20r%C3%A1pidas%20y%20sin%20vueltas.%20%C2%BFTe%20gustar%C3%ADa%20que%20te%20pase%20algunos%20ejemplos%20y%20precios%3F%20Sin%20compromiso%20%F0%9F%99%82%0A%0AKovex%20%C2%B7%20kovex.dev%0A(Si%20no%20quer%C3%A9s%20que%20te%20escriba%2C%20avisame%20y%20listo%20%F0%9F%99%8C)
Centro de Salud 6 Barrio Amancay,clinic,whatsapp,+54 3492 43-1888,,"¡Hola Centro de Salud 6 Barrio Amancay! 👋 Te escribo de Kovex. Vi que todavía no tienen página web y se me ocurrió una idea: podríamos armarles una para que tus pacientes pidan turnos y te encuentren en Google.

Hacemos webs a medida, rápidas y sin vueltas. ¿Te gustaría que te pase algunos ejemplos y precios? Sin compromiso 🙂

Kovex · kovex.dev
(Si no querés que te escriba, avisame y listo 🙌)",https://wa.me/5493492431888?text=%C2%A1Hola%20Centro%20de%20Salud%206%20Barrio%20Amancay!%20%F0%9F%91%8B%20Te%20escribo%20de%20Kovex.%20Vi%20que%20todav%C3%ADa%20no%20tienen%20p%C3%A1gina%20web%20y%20se%20me%20ocurri%C3%B3%20una%20idea%3A%20podr%C3%ADamos%20armarles%20una%20para%20que%20tus%20pacientes%20pidan%20turnos%20y%20te%20encuentren%20en%20Google.%0A%0AHacemos%20webs%20a%20medida%2C%20r%C3%A1pidas%20y%20sin%20vueltas.%20%C2%BFTe%20gustar%C3%ADa%20que%20te%20pase%20algunos%20ejemplos%20y%20precios%3F%20Sin%20compromiso%20%F0%9F%99%82%0A%0AKovex%20%C2%B7%20kovex.dev%0A(Si%20no%20quer%C3%A9s%20que%20te%20escriba%2C%20avisame%20y%20listo%20%F0%9F%99%8C)
Centro de Salud 7 17 de Octubre,clinic,whatsapp,+54 3492 45-3124,,"¡Hola Centro de Salud 7 17 de Octubre! 👋 Te escribo de Kovex. Vi que todavía no tienen página web y se me ocurrió una idea: podríamos armarles una para que tus pacientes pidan turnos y te encuentren en Google.

Hacemos webs a medida, rápidas y sin vueltas. ¿Te gustaría que te pase algunos ejemplos y precios? Sin compromiso 🙂

Kovex · kovex.dev
(Si no querés que te escriba, avisame y listo 🙌)",https://wa.me/5493492453124?text=%C2%A1Hola%20Centro%20de%20Salud%207%2017%20de%20Octubre!%20%F0%9F%91%8B%20Te%20escribo%20de%20Kovex.%20Vi%20que%20todav%C3%ADa%20no%20tienen%20p%C3%A1gina%20web%20y%20se%20me%20ocurri%C3%B3%20una%20idea%3A%20podr%C3%ADamos%20armarles%20una%20para%20que%20tus%20pacientes%20pidan%20turnos%20y%20te%20encuentren%20en%20Google.%0A%0AHacemos%20webs%20a%20medida%2C%20r%C3%A1pidas%20y%20sin%20vueltas.%20%C2%BFTe%20gustar%C3%ADa%20que%20te%20pase%20algunos%20ejemplos%20y%20precios%3F%20Sin%20compromiso%20%F0%9F%99%82%0A%0AKovex%20%C2%B7%20kovex.dev%0A(Si%20no%20quer%C3%A9s%20que%20te%20escriba%2C%20avisame%20y%20listo%20%F0%9F%99%8C)
Centro de Salud 10 Veronica Sereno,clinic,whatsapp,+54 3492 57-7033,,"¡Hola Centro de Salud 10 Veronica Sereno! 👋 Te escribo de Kovex. Vi que todavía no tienen página web y se me ocurrió una idea: podríamos armarles una para que tus pacientes pidan turnos y te encuentren en Google.

Hacemos webs a medida, rápidas y sin vueltas. ¿Te gustaría que te pase algunos ejemplos y precios? Sin compromiso 🙂

Kovex · kovex.dev
(Si no querés que te escriba, avisame y listo 🙌)",https://wa.me/5493492577033?text=%C2%A1Hola%20Centro%20de%20Salud%2010%20Veronica%20Sereno!%20%F0%9F%91%8B%20Te%20escribo%20de%20Kovex.%20Vi%20que%20todav%C3%ADa%20no%20tienen%20p%C3%A1gina%20web%20y%20se%20me%20ocurri%C3%B3%20una%20idea%3A%20podr%C3%ADamos%20armarles%20una%20para%20que%20tus%20pacientes%20pidan%20turnos%20y%20te%20encuentren%20en%20Google.%0A%0AHacemos%20webs%20a%20medida%2C%20r%C3%A1pidas%20y%20sin%20vueltas.%20%C2%BFTe%20gustar%C3%ADa%20que%20te%20pase%20algunos%20ejemplos%20y%20precios%3F%20Sin%20compromiso%20%F0%9F%99%82%0A%0AKovex%20%C2%B7%20kovex.dev%0A(Si%20no%20quer%C3%A9s%20que%20te%20escriba%2C%20avisame%20y%20listo%20%F0%9F%99%8C)
Centro de Salud 4 Virgen de Fatima,clinic,whatsapp,+54 3492 42-6430,,"¡Hola Centro de Salud 4 Virgen de Fatima! 👋 Te escribo de Kovex. Vi que todavía no tienen página web y se me ocurrió una idea: podríamos armarles una para que tus pacientes pidan turnos y te encuentren en Google.

Hacemos webs a medida, rápidas y sin vueltas. ¿Te gustaría que te pase algunos ejemplos y precios? Sin compromiso 🙂

Kovex · kovex.dev
(Si no querés que te escriba, avisame y listo 🙌)",https://wa.me/5493492426430?text=%C2%A1Hola%20Centro%20de%20Salud%204%20Virgen%20de%20Fatima!%20%F0%9F%91%8B%20Te%20escribo%20de%20Kovex.%20Vi%20que%20todav%C3%ADa%20no%20tienen%20p%C3%A1gina%20web%20y%20se%20me%20ocurri%C3%B3%20una%20idea%3A%20podr%C3%ADamos%20armarles%20una%20para%20que%20tus%20pacientes%20pidan%20turnos%20y%20te%20encuentren%20en%20Google.%0A%0AHacemos%20webs%20a%20medida%2C%20r%C3%A1pidas%20y%20sin%20vueltas.%20%C2%BFTe%20gustar%C3%ADa%20que%20te%20pase%20algunos%20ejemplos%20y%20precios%3F%20Sin%20compromiso%20%F0%9F%99%82%0A%0AKovex%20%C2%B7%20kovex.dev%0A(Si%20no%20quer%C3%A9s%20que%20te%20escriba%2C%20avisame%20y%20listo%20%F0%9F%99%8C)
Centro de Salud 3 Santa Rosa de Lima,clinic,whatsapp,+54 3492 42-4739,,"¡Hola Centro de Salud 3 Santa Rosa de Lima! 👋 Te escribo de Kovex. Vi que todavía no tienen página web y se me ocurrió una idea: podríamos armarles una para que tus pacientes pidan turnos y te encuentren en Google.

Hacemos webs a medida, rápidas y sin vueltas. ¿Te gustaría que te pase algunos ejemplos y precios? Sin compromiso 🙂

Kovex · kovex.dev
(Si no querés que te escriba, avisame y listo 🙌)",https://wa.me/5493492424739?text=%C2%A1Hola%20Centro%20de%20Salud%203%20Santa%20Rosa%20de%20Lima!%20%F0%9F%91%8B%20Te%20escribo%20de%20Kovex.%20Vi%20que%20todav%C3%ADa%20no%20tienen%20p%C3%A1gina%20web%20y%20se%20me%20ocurri%C3%B3%20una%20idea%3A%20podr%C3%ADamos%20armarles%20una%20para%20que%20tus%20pacientes%20pidan%20turnos%20y%20te%20encuentren%20en%20Google.%0A%0AHacemos%20webs%20a%20medida%2C%20r%C3%A1pidas%20y%20sin%20vueltas.%20%C2%BFTe%20gustar%C3%ADa%20que%20te%20pase%20algunos%20ejemplos%20y%20precios%3F%20Sin%20compromiso%20%F0%9F%99%82%0A%0AKovex%20%C2%B7%20kovex.dev%0A(Si%20no%20quer%C3%A9s%20que%20te%20escriba%2C%20avisame%20y%20listo%20%F0%9F%99%8C)
Centro de Salud 2 Materno Infantil,clinic,whatsapp,+54 3492 44-1085,,"¡Hola Centro de Salud 2 Materno Infantil! 👋 Te escribo de Kovex. Vi que todavía no tienen página web y se me ocurrió una idea: podríamos armarles una para que tus pacientes pidan turnos y te encuentren en Google.

Hacemos webs a medida, rápidas y sin vueltas. ¿Te gustaría que te pase algunos ejemplos y precios? Sin compromiso 🙂

Kovex · kovex.dev
(Si no querés que te escriba, avisame y listo 🙌)",https://wa.me/5493492441085?text=%C2%A1Hola%20Centro%20de%20Salud%202%20Materno%20Infantil!%20%F0%9F%91%8B%20Te%20escribo%20de%20Kovex.%20Vi%20que%20todav%C3%ADa%20no%20tienen%20p%C3%A1gina%20web%20y%20se%20me%20ocurri%C3%B3%20una%20idea%3A%20podr%C3%ADamos%20armarles%20una%20para%20que%20tus%20pacientes%20pidan%20turnos%20y%20te%20encuentren%20en%20Google.%0A%0AHacemos%20webs%20a%20medida%2C%20r%C3%A1pidas%20y%20sin%20vueltas.%20%C2%BFTe%20gustar%C3%ADa%20que%20te%20pase%20algunos%20ejemplos%20y%20precios%3F%20Sin%20compromiso%20%F0%9F%99%82%0A%0AKovex%20%C2%B7%20kovex.dev%0A(Si%20no%20quer%C3%A9s%20que%20te%20escriba%2C%20avisame%20y%20listo%20%F0%9F%99%8C)
Centro de Salud 1 - Rafaela,clinic,whatsapp,+54 3492 45-2849,,"¡Hola Centro de Salud 1 - Rafaela! 👋 Te escribo de Kovex. Vi que todavía no tienen página web y se me ocurrió una idea: podríamos armarles una para que tus pacientes pidan turnos y te encuentren en Google.

Hacemos webs a medida, rápidas y sin vueltas. ¿Te gustaría que te pase algunos ejemplos y precios? Sin compromiso 🙂

Kovex · kovex.dev
(Si no querés que te escriba, avisame y listo 🙌)",https://wa.me/5493492452849?text=%C2%A1Hola%20Centro%20de%20Salud%201%20-%20Rafaela!%20%F0%9F%91%8B%20Te%20escribo%20de%20Kovex.%20Vi%20que%20todav%C3%ADa%20no%20tienen%20p%C3%A1gina%20web%20y%20se%20me%20ocurri%C3%B3%20una%20idea%3A%20podr%C3%ADamos%20armarles%20una%20para%20que%20tus%20pacientes%20pidan%20turnos%20y%20te%20encuentren%20en%20Google.%0A%0AHacemos%20webs%20a%20medida%2C%20r%C3%A1pidas%20y%20sin%20vueltas.%20%C2%BFTe%20gustar%C3%ADa%20que%20te%20pase%20algunos%20ejemplos%20y%20precios%3F%20Sin%20compromiso%20%F0%9F%99%82%0A%0AKovex%20%C2%B7%20kovex.dev%0A(Si%20no%20quer%C3%A9s%20que%20te%20escriba%2C%20avisame%20y%20listo%20%F0%9F%99%8C)
Sudano,pharmacy,whatsapp,+54 3492 320295,,"¡Hola Sudano! 👋 Te escribo de Kovex. Vi que todavía no tienen página web y se me ocurrió una idea: podríamos armarles una para mostrar tu catálogo y que te consulten disponibilidad al toque.

Hacemos webs a medida, rápidas y sin vueltas. ¿Te gustaría que te pase algunos ejemplos y precios? Sin compromiso 🙂

Kovex · kovex.dev
(Si no querés que te escriba, avisame y listo 🙌)",https://wa.me/5493492320295?text=%C2%A1Hola%20Sudano!%20%F0%9F%91%8B%20Te%20escribo%20de%20Kovex.%20Vi%20que%20todav%C3%ADa%20no%20tienen%20p%C3%A1gina%20web%20y%20se%20me%20ocurri%C3%B3%20una%20idea%3A%20podr%C3%ADamos%20armarles%20una%20para%20mostrar%20tu%20cat%C3%A1logo%20y%20que%20te%20consulten%20disponibilidad%20al%20toque.%0A%0AHacemos%20webs%20a%20medida%2C%20r%C3%A1pidas%20y%20sin%20vueltas.%20%C2%BFTe%20gustar%C3%ADa%20que%20te%20pase%20algunos%20ejemplos%20y%20precios%3F%20Sin%20compromiso%20%F0%9F%99%82%0A%0AKovex%20%C2%B7%20kovex.dev%0A(Si%20no%20quer%C3%A9s%20que%20te%20escriba%2C%20avisame%20y%20listo%20%F0%9F%99%8C)
Zbrun,car parts,whatsapp,+54 3492 423029,,"¡Hola Zbrun! 👋 Te escribo de Kovex. Vi que todavía no tienen página web y se me ocurrió una idea: podríamos armarles una para mostrar tus vehículos y servicios, y que te contacten fácil.

Hacemos webs a medida, rápidas y sin vueltas. ¿Te gustaría que te pase algunos ejemplos y precios? Sin compromiso 🙂

Kovex · kovex.dev
(Si no querés que te escriba, avisame y listo 🙌)",https://wa.me/5493492423029?text=%C2%A1Hola%20Zbrun!%20%F0%9F%91%8B%20Te%20escribo%20de%20Kovex.%20Vi%20que%20todav%C3%ADa%20no%20tienen%20p%C3%A1gina%20web%20y%20se%20me%20ocurri%C3%B3%20una%20idea%3A%20podr%C3%ADamos%20armarles%20una%20para%20mostrar%20tus%20veh%C3%ADculos%20y%20servicios%2C%20y%20que%20te%20contacten%20f%C3%A1cil.%0A%0AHacemos%20webs%20a%20medida%2C%20r%C3%A1pidas%20y%20sin%20vueltas.%20%C2%BFTe%20gustar%C3%ADa%20que%20te%20pase%20algunos%20ejemplos%20y%20precios%3F%20Sin%20compromiso%20%F0%9F%99%82%0A%0AKovex%20%C2%B7%20kovex.dev%0A(Si%20no%20quer%C3%A9s%20que%20te%20escriba%2C%20avisame%20y%20listo%20%F0%9F%99%8C)
Pochettino Comercial,motorcycle,whatsapp,+54 3492 43-2166,,"¡Hola Pochettino Comercial! 👋 Te escribo de Kovex. Vi que todavía no tienen página web y se me ocurrió una idea: podríamos armarles una para mostrar tus vehículos y servicios, y que te contacten fácil.

Hacemos webs a medida, rápidas y sin vueltas. ¿Te gustaría que te pase algunos ejemplos y precios? Sin compromiso 🙂

Kovex · kovex.dev
(Si no querés que te escriba, avisame y listo 🙌)",https://wa.me/5493492432166?text=%C2%A1Hola%20Pochettino%20Comercial!%20%F0%9F%91%8B%20Te%20escribo%20de%20Kovex.%20Vi%20que%20todav%C3%ADa%20no%20tienen%20p%C3%A1gina%20web%20y%20se%20me%20ocurri%C3%B3%20una%20idea%3A%20podr%C3%ADamos%20armarles%20una%20para%20mostrar%20tus%20veh%C3%ADculos%20y%20servicios%2C%20y%20que%20te%20contacten%20f%C3%A1cil.%0A%0AHacemos%20webs%20a%20medida%2C%20r%C3%A1pidas%20y%20sin%20vueltas.%20%C2%BFTe%20gustar%C3%ADa%20que%20te%20pase%20algunos%20ejemplos%20y%20precios%3F%20Sin%20compromiso%20%F0%9F%99%82%0A%0AKovex%20%C2%B7%20kovex.dev%0A(Si%20no%20quer%C3%A9s%20que%20te%20escriba%2C%20avisame%20y%20listo%20%F0%9F%99%8C)
Boffelli Motos,motorcycle,whatsapp,+54 3492 50-2333,,"¡Hola Boffelli Motos! 👋 Te escribo de Kovex. Vi que todavía no tienen página web y se me ocurrió una idea: podríamos armarles una para mostrar tus vehículos y servicios, y que te contacten fácil.

Hacemos webs a medida, rápidas y sin vueltas. ¿Te gustaría que te pase algunos ejemplos y precios? Sin compromiso 🙂

Kovex · kovex.dev
(Si no querés que te escriba, avisame y listo 🙌)",https://wa.me/5493492502333?text=%C2%A1Hola%20Boffelli%20Motos!%20%F0%9F%91%8B%20Te%20escribo%20de%20Kovex.%20Vi%20que%20todav%C3%ADa%20no%20tienen%20p%C3%A1gina%20web%20y%20se%20me%20ocurri%C3%B3%20una%20idea%3A%20podr%C3%ADamos%20armarles%20una%20para%20mostrar%20tus%20veh%C3%ADculos%20y%20servicios%2C%20y%20que%20te%20contacten%20f%C3%A1cil.%0A%0AHacemos%20webs%20a%20medida%2C%20r%C3%A1pidas%20y%20sin%20vueltas.%20%C2%BFTe%20gustar%C3%ADa%20que%20te%20pase%20algunos%20ejemplos%20y%20precios%3F%20Sin%20compromiso%20%F0%9F%99%82%0A%0AKovex%20%C2%B7%20kovex.dev%0A(Si%20no%20quer%C3%A9s%20que%20te%20escriba%2C%20avisame%20y%20listo%20%F0%9F%99%8C)
PomarSoft,oficina: web design,email,pomarfacundo@gmail.com,Una página web para PomarSoft,"Hola PomarSoft:

Soy Facundo, de Kovex (kovex.dev). Estuve viendo negocios de Rafaela y noté que todavía no tienen una página web propia.

Una web te ayuda a tener una presencia profesional en internet, y a que te encuentren en Google cuando te buscan.

En Kovex diseñamos y desarrollamos páginas y sistemas a medida — rápidos, prolijos y pensados para tu negocio. Si querés, te paso ejemplos y un presupuesto sin compromiso.

¿Te viene bien que coordinemos una llamada corta esta semana?

Un saludo,
Facundo
Kovex · kovex.dev · +54 9 000 000-0000

—
Si no querés recibir más correos nuestros, respondé ""BAJA"" y no volvés a saber de nosotros.",mailto:pomarfacundo@gmail.com?subject=Una%20p%C3%A1gina%20web%20para%20PomarSoft&body=Hola%20PomarSoft%3A%0A%0ASoy%20Facundo%2C%20de%20Kovex%20(kovex.dev).%20Estuve%20viendo%20negocios%20de%20Rafaela%20y%20not%C3%A9%20que%20todav%C3%ADa%20no%20tienen%20una%20p%C3%A1gina%20web%20propia.%0A%0AUna%20web%20te%20ayuda%20a%20tener%20una%20presencia%20profesional%20en%20internet%2C%20y%20a%20que%20te%20encuentren%20en%20Google%20cuando%20te%20buscan.%0A%0AEn%20Kovex%20dise%C3%B1amos%20y%20desarrollamos%20p%C3%A1ginas%20y%20sistemas%20a%20medida%20%E2%80%94%20r%C3%A1pidos%2C%20prolijos%20y%20pensados%20para%20tu%20negocio.%20Si%20quer%C3%A9s%2C%20te%20paso%20ejemplos%20y%20un%20presupuesto%20sin%20compromiso.%0A%0A%C2%BFTe%20viene%20bien%20que%20coordinemos%20una%20llamada%20corta%20esta%20semana%3F%0A%0AUn%20saludo%2C%0AFacundo%0AKovex%20%C2%B7%20kovex.dev%20%C2%B7%20%2B54%209%20000%20000-0000%0A%0A%E2%80%94%0ASi%20no%20quer%C3%A9s%20recibir%20m%C3%A1s%20correos%20nuestros%2C%20respond%C3%A9%20%22BAJA%22%20y%20no%20volv%C3%A9s%20a%20saber%20de%20nosotros.
Corralon El Cedro,furniture,email,corralonelcedro@Wilnet.com.ar,Una página web para Corralon El Cedro,"Hola Corralon El Cedro:

Soy Facundo, de Kovex (kovex.dev). Estuve viendo negocios de Rafaela y noté que todavía no tienen una página web propia.

Una web te ayuda a mostrar tus productos y llegar a más clientes de la zona, y a que te encuentren en Google cuando te buscan.

En Kovex diseñamos y desarrollamos páginas y sistemas a medida — rápidos, prolijos y pensados para tu negocio. Si querés, te paso ejemplos y un presupuesto sin compromiso.

¿Te viene bien que coordinemos una llamada corta esta semana?

Un saludo,
Facundo
Kovex · kovex.dev · +54 9 000 000-0000

—
Si no querés recibir más correos nuestros, respondé ""BAJA"" y no volvés a saber de nosotros.",mailto:corralonelcedro@Wilnet.com.ar?subject=Una%20p%C3%A1gina%20web%20para%20Corralon%20El%20Cedro&body=Hola%20Corralon%20El%20Cedro%3A%0A%0ASoy%20Facundo%2C%20de%20Kovex%20(kovex.dev).%20Estuve%20viendo%20negocios%20de%20Rafaela%20y%20not%C3%A9%20que%20todav%C3%ADa%20no%20tienen%20una%20p%C3%A1gina%20web%20propia.%0A%0AUna%20web%20te%20ayuda%20a%20mostrar%20tus%20productos%20y%20llegar%20a%20m%C3%A1s%20clientes%20de%20la%20zona%2C%20y%20a%20que%20te%20encuentren%20en%20Google%20cuando%20te%20buscan.%0A%0AEn%20Kovex%20dise%C3%B1amos%20y%20desarrollamos%20p%C3%A1ginas%20y%20sistemas%20a%20medida%20%E2%80%94%20r%C3%A1pidos%2C%20prolijos%20y%20pensados%20para%20tu%20negocio.%20Si%20quer%C3%A9s%2C%20te%20paso%20ejemplos%20y%20un%20presupuesto%20sin%20compromiso.%0A%0A%C2%BFTe%20viene%20bien%20que%20coordinemos%20una%20llamada%20corta%20esta%20semana%3F%0A%0AUn%20saludo%2C%0AFacundo%0AKovex%20%C2%B7%20kovex.dev%20%C2%B7%20%2B54%209%20000%20000-0000%0A%0A%E2%80%94%0ASi%20no%20quer%C3%A9s%20recibir%20m%C3%A1s%20correos%20nuestros%2C%20respond%C3%A9%20%22BAJA%22%20y%20no%20volv%C3%A9s%20a%20saber%20de%20nosotros.
